{
    "initial_params": {
        "_type": "matrix",
        "_size": [
            50
        ],
        "_complex": false,
        "_data": [
            -2.434253016712842,
            0.1,
            0.49424629526110114,
            0.1,
            0.5979860550418334,
            0.1,
            0.4524073421902948,
            0.1,
            0.4257954126934202,
            0.1,
            0.4754223931873713,
            0.1,
            0.5107867836957737,
            0.1000003251896059,
            0.5143371772355564,
            0.1,
            0.4799480713563457,
            0.10888367120773855,
            0.473712815980555,
            0.1537047813552246,
            0.4332322424656708,
            0.1832417103099127,
            0.39149865382243754,
            0.23375064140318325,
            0.3629660138356079,
            0.23646558962966582,
            0.36236805342194506,
            0.24556544402263053,
            0.36773746475022884,
            0.24034281642440802,
            0.37774407424488404,
            0.22420252157902856,
            0.3784949159668143,
            0.21872170609516503,
            0.38108100334542055,
            0.21897646501302742,
            0.38101052687136233,
            0.22088932434257744,
            0.38122876171193176,
            0.21647726037788514,
            0.38144470771356864,
            0.21985264284024253,
            0.3617832739527341,
            0.23827254832585879,
            0.3635215869827564,
            0.255270850842351,
            0.3454544480299753,
            0.2719376363185685,
            0.32879770544536197,
            0.2758004986583722
        ]
    }
}